{"version": 1, "params": {"attack_at_supply": {"mean": 28.93780139994411, "scale": 5.929339096960431}, "pressure_valve_supply": {"mean": 34.67549120350316, "scale": 3.4129580766948284}, "regroup_below_supply": {"mean": 7.724937425675351, "scale": 0.7527473721501025}, "emergency_exit_seconds": {"mean": 41.85268441428247, "scale": 2.25}, "emergency_zealot_proportion": {"mean": 0.4264601360218467, "scale": 0.0225}}, "batch": [{"sample": {"attack_at_supply": 39.319967533387825, "pressure_valve_supply": 33.94711416228516, "regroup_below_supply": 7.718985413171062, "emergency_exit_seconds": 40.767108193717846, "emergency_zealot_proportion": 0.4496406969450234}, "outcome": 0.0, "eff": 10.054103420843255}, {"sample": {"attack_at_supply": 19.78939306785366, "pressure_valve_supply": 32.3658863950341, "regroup_below_supply": 8.579742461470053, "emergency_exit_seconds": 45.64964167902397, "emergency_zealot_proportion": 0.43221151724057316}, "outcome": 1.0, "eff": 10.442200679789009}, {"sample": {"attack_at_supply": 28.03792238114157, "pressure_valve_supply": 37.712618251645466, "regroup_below_supply": 7.2286136364930025, "emergency_exit_seconds": 40.627924932640944, "emergency_zealot_proportion": 0.45372015432219154}, "outcome": 1.0, "eff": 9.508665604526444}], "batches_done": 5, "games": 43}